Tract,Latitude_x,Longitude_x,Total Population_x,Housing Unit Estimate,Longitude_y,Latitude_y,California County_x,Pollution Burden,Education,Asthma,Asthma Pctl,PM2.5,Tox. Release,Tox. Release Pctl,Pollution Burden Score,California County_y,Total Population_y,Hispanic (%),White (%),African American (%),Native American (%),Asian American (%),Latitude,Longitude,Total Population,White Only Percentage,Non White Only Percentage,CNTY_NAME,LOWINCOME,PEOPCOLORPCT,LIFEEXPPCT,DSLPM,CANCER,RESP,RSEI_AIR,D2_DSLPM,D5_DSLPM,D2_PM25,D5_PM25,D2_CANCER,D5_CANCER,D5_RESP,D2_RESP,Shape_Length,Shape_Area
6037554301,33.8822626,-118.1456094,3499.0,1077.0,-118.1456075,33.8822564,Los Angeles,57.35,27.8,51.79,58.71,12.01505311,6522.539917,94.74,7.0,Los Angeles,3499,66.16,10.77,15.32,0.0,7.75,33.8822626,-118.1456094,3499.0,16.94769934,83.05227692,Los Angeles,1101,0.889083992,0.227692308,0.426346821,30.0,0.4,3148.978739,52.09792271,14.21423188,56.94424111,15.536486,25.44317156,6.941834172,9.421060662,34.53001854,0.042015173,6.58379e-05
6037570602,33.856156,-118.1729328,6557.0,1730.0,-118.1729332,33.8561559,Los Angeles,53.19,22.1,89.18,89.31,12.0198097,7717.75008,95.99,6.5,Los Angeles,6177,48.89,7.2,10.59,0.0,30.84,33.856156,-118.1729328,6557.0,13.58853134,86.41145548,Los Angeles,1835,0.927973809,0.212307692,0.381956913,30.0,0.4,3198.867599,48.64716357,15.39774775,56.86032102,17.99736748,26.53481649,8.3987715,11.39833275,36.01153667,0.041661923,0.000101572
6037570601,33.8569402,-118.1809849,5235.0,1646.0,-118.1809849,33.8569402,Los Angeles,47.04,27.0,94.42,91.14,12.2095544,8487.453124,96.5,5.74,Los Angeles,5610,57.2,8.54,16.36,4.05,12.75,33.8569402,-118.1809849,5235.0,12.72206304,87.27792029,Los Angeles,1774,0.909498638,0.184615385,0.382406683,30.0,0.4,3528.59184,45.9557905,14.52576872,53.71456031,16.97817122,25.06679482,7.923146574,10.75284178,34.01922154,0.036422247,7.6034e-05
6037570303,33.8596484,-118.1925812,3925.0,1318.0,-118.1925812,33.8596484,Los Angeles,51.71,24.2,94.42,91.14,12.47113428,9065.480146,96.84,6.31,Los Angeles,4471,59.58,5.44,18.07,0.0,12.08,33.8596484,-118.1925812,3925.0,12.56050955,87.43946817,Los Angeles,2352,0.945367133,0.222564103,0.390269827,30.0,0.4,3611.116311,57.64444927,19.22964485,66.40056818,22.15060353,30.64641607,10.22335549,13.87455388,41.59156466,0.035882654,6.00158e-05
6037572600,33.8071157,-118.2140846,5276.0,1249.0,-118.2140846,33.8071157,Los Angeles,64.13,18.5,79.55,84.83,11.68049659,30364.26693,99.8,7.83,Los Angeles,5357,51.41,1.94,8.92,0.17,34.89,33.8071157,-118.2140846,5276.0,9.685367703,90.31461518,Los Angeles,1978,0.95998375,0.174358974,0.345137204,30.0,0.4,19015.08937,47.66199473,12.84098144,53.78996547,14.4919648,28.59719684,7.704588864,10.45622774,38.81048142,0.048846383,0.000123916
6037571800,33.8334835,-118.1970981,3229.0,1332.0,-118.1970981,33.8334835,Los Angeles,58.15,5.9,37.21,36.8,11.72819116,15898.18962,99.12,7.1,Los Angeles,3222,21.57,53.54,9.87,0.0,13.13,33.8334835,-118.1970981,3229.0,54.69185506,45.3081309,Los Angeles,540,0.553101362,0.180512821,0.391713071,30.0,0.4,7004.730437,28.43083711,8.257698965,30.5901412,8.884865988,15.11512859,4.39016907,5.958086595,20.5133888,0.079379297,0.000276623
6037544001,33.8406153,-118.2181146,4689.0,1216.0,-118.2165909,33.8388248,Los Angeles,65.55,32.1,79.55,84.83,12.13159077,26330.9668,99.72,8.0,Los Angeles,4574,69.44,7.02,6.3,0.0,16.3,33.8406153,-118.2181146,4689.0,13.09447643,86.90550503,Los Angeles,1531,0.929912664,0.188717949,0.425516865,30.0,0.4,7142.533061,54.36026202,15.24749504,53.72816594,15.0701986,26.54803494,7.446451068,10.10589788,36.02947599,0.059478726,0.00018243
6037571701,33.847882,-118.199443,6495.0,1762.0,-118.2017298,33.847882,Los Angeles,60.3,21.9,89.38,89.38,12.31736907,13668.29313,98.67,7.36,Los Angeles,6247,65.79,8.6,12.92,0.0,11.12,33.847882,-118.199443,6495.0,15.30408006,84.6959069,Los Angeles,3457,0.926323529,0.227692308,0.404087492,30.0,0.4,6489.881311,58.34760124,19.59651322,63.38998652,21.29003904,30.25431175,10.161155,13.79013893,41.05942309,0.072798907,0.000186359
6037543305,33.8612491,-118.2239158,3251.0,1242.0,-118.2238692,33.8611473,Los Angeles,73.83,22.1,76.74,83.2,12.33969717,15834.33317,99.1,9.01,Los Angeles,3776,50.11,18.88,25.19,0.0,3.29,33.8612491,-118.2239158,3251.0,19.31713319,80.68284199,Los Angeles,1248,0.883219358,0.204102564,0.404012029,30.0,0.4,7019.386557,49.29929195,13.90605586,54.1683578,15.2794935,25.56259583,7.210547484,9.785743014,34.69209434,0.115647589,0.00081694
6037570402,33.8685443,-118.1986552,3391.0,1026.0,-118.1986552,33.8685443,Los Angeles,69.84,22.4,88.49,89.19,12.78098946,9572.14974,97.17,8.53,Los Angeles,3400,52.71,3.53,36.44,0.0,6.12,33.8685443,-118.1986552,3391.0,10.43939841,89.56057518,Los Angeles,1273,0.963325868,0.193846154,0.414576409,30.0,0.4,3871.83587,55.50358069,16.04555904,60.78963595,17.5737075,27.75179035,8.02277952,10.88805792,37.66314404,0.05974435,0.000147714
6037570404,33.877496,-118.1959346,3509.0,926.0,-118.1959346,33.877496,Los Angeles,61.49,36.3,85.11,87.76,12.38808685,9971.729859,97.36,7.51,Los Angeles,3676,71.87,1.31,18.2,0.0,5.17,33.877496,-118.1959346,3509.0,10.51581647,89.48415803,Los Angeles,1418,0.967956934,0.2,0.435015447,30.0,0.4,4461.411914,58.60036943,18.2028022,61.26402256,19.0302023,27.96835814,8.68770105,11.79045142,37.95705747,0.048359594,8.43468e-05
6037573300,33.7932987,-118.1757271,4068.0,1057.0,-118.1757078,33.7932911,Los Angeles,51.29,50.8,80.67,85.57,11.75572268,12675.84994,98.45,6.26,Los Angeles,4158,40.45,3.22,17.82,0.0,38.5,33.7932987,-118.1757271,4068.0,7.571288102,92.42868918,Los Angeles,2539,0.946228884,0.227692308,0.360715324,30.0,0.3,4762.253424,56.80928408,21.72806806,60.70033095,23.21629191,32.68479358,12.50108026,5.059961056,13.22955931,0.040293511,7.64798e-05
6037573403,33.7986098,-118.1589748,3446.0,1411.0,-118.1589588,33.7986075,Los Angeles,52.29,7.6,46.41,51.13,11.6385894,17995.73665,99.41,6.38,Los Angeles,3519,20.92,35.15,15.37,0.0,26.26,33.7986098,-118.1589748,3446.0,35.40336622,64.59661503,Los Angeles,466,0.626023945,0.134358974,0.330507176,30.0,0.3,6126.559094,26.27662256,6.07062894,30.9136736,7.141916366,16.22967864,3.74950611,1.517657235,6.56915564,0.081911386,0.000162078
6037573201,33.800619,-118.1853159,4606.0,1344.0,-118.1853182,33.8006191,Los Angeles,59.34,40.0,91.0,90.0,11.70913172,14146.06673,98.8,7.25,Los Angeles,4597,62.87,5.26,8.27,0.0,22.71,33.800619,-118.1853159,4606.0,10.18237082,89.81760968,Los Angeles,2560,0.945273632,0.222564103,0.359618362,30.0,0.3,5409.572372,55.69550184,19.98402258,60.27321433,21.62654501,32.04398736,11.49765683,4.653813478,12.97018536,0.031334144,5.85524e-05
6037574201,33.803924,-118.1276823,3287.0,1099.0,-118.1276554,33.8039339,Los Angeles,51.96,8.0,23.8,14.47,11.6427648,11891.26318,98.19,6.34,Los Angeles,3100,27.68,52.87,4.06,0.0,11.1,33.803924,-118.1276823,3287.0,54.57864314,45.42134304,Los Angeles,270,0.475882163,0.181538462,0.443992622,30.0,0.4,5895.016771,25.06636451,6.86888027,23.0948527,6.328631254,11.82907089,3.24149406,4.39917051,16.05373907,0.046395162,0.000126051
6037573902,33.8135353,-118.0775765,2263.0,911.0,-118.0775765,33.8135353,Los Angeles,52.46,4.4,25.18,16.79,11.62611756,4805.599935,92.05,6.41,Los Angeles,2031,23.58,55.98,4.14,0.49,10.49,33.8135353,-118.0775765,2263.0,59.47856827,40.52141382,Los Angeles,119,0.414512922,0.135384615,0.406635209,30.0,0.4,2102.899103,19.41998013,4.05848463,20.1304672,4.206965755,9.946819092,2.07873603,2.821141755,13.49925448,0.041878273,6.9307e-05
6037574100,33.8138403,-118.122827,5251.0,1839.0,-118.122827,33.8138403,Los Angeles,49.89,6.2,24.7,15.9,11.65093923,8228.803384,96.36,6.09,Los Angeles,5014,21.32,61.55,2.59,0.34,10.37,33.8138403,-118.122827,5251.0,63.09274424,36.90724873,Los Angeles,398,0.46221542,0.168205128,0.444286104,30.0,0.4,4065.240346,23.96735797,6.666162656,22.62087723,6.291659104,11.31043859,3.145829568,4.269340128,15.34988095,0.063955314,0.00017909
6037555212,33.8295224,-118.068418,4680.0,1436.0,-118.0662058,33.8273348,Los Angeles,46.06,44.3,47.02,52.12,11.68002345,4026.210002,89.36,5.62,Los Angeles,5110,81.78,5.6,2.99,0.0,6.71,33.8295224,-118.068418,4680.0,18.03418803,81.96579445,Los Angeles,2031,0.867729502,0.182564103,0.402526829,30.0,0.4,1564.417261,49.70669571,18.27221668,53.38867316,19.62571423,25.77384222,9.474482724,12.85822655,34.97878587,0.042111804,7.88872e-05
6037555002,33.8352186,-118.089263,3563.0,1193.0,-118.089263,33.8352186,Los Angeles,57.5,11.9,29.29,23.73,11.7071006,4151.036743,89.98,7.02,Los Angeles,3625,37.74,28.74,14.73,0.0,17.54,33.8352186,-118.089263,3563.0,27.44877912,72.55120052,Los Angeles,854,0.732152029,,0.400150736,30.0,0.4,1626.328951,38.5342835,8.424506979,41.86440678,9.15255082,19.98073959,4.368262878,5.928356763,27.11671802,0.039303982,8.86716e-05
6037576001,33.7607008,-118.1971195,5921.0,4004.0,-118.1938633,33.7631159,Los Angeles,58.34,2.9,80.31,85.39,11.73964651,9917.723306,97.34,7.12,Los Angeles,5174,12.74,50.93,13.72,0.0,20.2,33.7607008,-118.1971195,5921.0,48.84310083,51.15689053,Los Angeles,818,0.467620336,0.196923077,0.611519797,30.0,0.4,4632.879594,30.80044881,9.926588462,22.62890118,7.293003734,13.20019235,4.254252198,5.773627983,17.91454676,0.082035955,0.000306198
6037576503,33.7718291,-118.1697407,4093.0,1856.0,-118.1697407,33.7718291,Los Angeles,38.16,17.5,55.94,63.97,11.62534541,9697.096517,97.2,4.66,Los Angeles,4469,39.81,32.76,16.4,1.12,5.33,33.7718291,-118.1697407,4093.0,38.04055705,61.95942781,Los Angeles,1130,0.70141124,0.272820513,0.433653773,30.0,0.3,4039.419894,43.79990358,16.00756978,36.8317371,13.46091093,20.90449943,7.639976484,3.092371434,8.461345009,0.023191681,3.03454e-05
6037576802,33.7717856,-118.1577274,3989.0,1911.0,-118.1577274,33.7717856,Los Angeles,38.29,5.6,37.16,36.7,11.58107322,9295.183267,97.0,4.68,Los Angeles,4061,19.08,40.53,26.87,0.0,10.64,33.7717856,-118.1577274,3989.0,48.43319128,51.5667958,Los Angeles,1104,0.530329289,0.180512821,0.3957827,20.0,0.3,3840.221205,32.429834,10.42545992,29.99759646,9.643550417,1.216118775,0.390954747,2.215410233,6.891339725,0.027619118,4.55303e-05
6037576502,33.7719179,-118.1740905,4190.0,2180.0,-118.1740906,33.771918,Los Angeles,42.28,15.8,66.27,75.64,11.62534541,10007.38981,97.39,5.16,Los Angeles,4658,48.5,32.12,11.31,0.84,5.13,33.7719179,-118.1740905,4190.0,35.46539379,64.5345908,Los Angeles,2079,0.724711407,0.228717949,0.449081173,30.0,0.3,4243.261415,50.9166504,15.67004985,41.86480141,12.88426323,23.76110352,7.31268993,2.959898305,9.61758952,0.023814032,2.99395e-05
6037576501,33.7722391,-118.1787305,3094.0,1546.0,-118.1787306,33.772239,Los Angeles,45.52,22.1,82.02,86.52,11.62534541,10120.28337,97.42,5.56,Los Angeles,2986,43.07,27.7,12.06,0.0,8.0,33.7722391,-118.1787305,3094.0,30.63994829,69.3600293,Los Angeles,1838,0.774011299,0.204102564,0.466141142,30.0,0.3,4302.970018,62.6598798,22.30308648,50.40033808,17.93943909,28.6055973,10.18184383,4.121222501,11.57845605,0.021662275,2.8359e-05
6037576200,33.7723836,-118.1867637,7148.0,3272.0,-118.1867636,33.7723836,Los Angeles,51.52,19.3,75.83,82.6,11.64728179,10776.15967,97.79,6.29,Los Angeles,5324,35.07,29.79,20.17,0.0,6.4,33.7723836,-118.1867637,7148.0,32.4426413,67.55734925,Los Angeles,2223,0.699148346,0.25025641,0.51068825,30.0,0.3,4653.465184,54.12309372,18.67511121,42.15904139,14.54692871,23.92810459,8.256364956,3.341862006,9.685185192,0.034506423,6.78061e-05
6037576904,33.7771513,-118.157318,3239.0,1286.0,-118.157318,33.7771513,Los Angeles,42.94,16.2,53.57,60.89,11.60712094,9767.450034,97.25,5.24,Los Angeles,3157,41.4,29.71,13.78,0.0,10.55,33.7771513,-118.157318,3239.0,29.79314603,70.20683229,Los Angeles,1167,0.751210068,0.201025641,0.380660747,20.0,0.3,4019.208606,43.58526257,13.43068457,43.01922017,13.2562601,1.698127113,0.523273425,2.965216075,9.622720307,0.026893155,3.56329e-05
6037574602,33.7757438,-118.1050845,1243.0,583.0,-118.1067858,33.7781493,Los Angeles,45.77,6.6,14.2,3.07,11.50739377,8104.89974,96.27,5.59,Los Angeles,1291,19.29,60.26,1.47,0.0,14.18,33.7757438,-118.1050845,1243.0,63.31456154,36.68540894,Los Angeles,163,0.484363082,0.151794872,0.517530219,30.0,0.4,4303.001657,28.91304347,6.761404695,23.43478261,5.480296408,12.78260869,2.989252602,4.056842817,17.34782608,0.03052292,5.74763e-05
6037576901,33.7791377,-118.164632,5366.0,1950.0,-118.164632,33.7791377,Los Angeles,41.68,37.6,70.58,78.84,11.60712094,10146.39339,97.44,5.09,Los Angeles,5357,56.41,11.52,12.39,0.0,18.74,33.7791377,-118.164632,5366.0,19.8844577,80.11552737,Los Angeles,2326,0.850919652,0.230769231,0.388725699,30.0,0.3,4113.633962,50.82764006,20.03535581,49.52436722,19.52162874,27.36872926,10.78826851,4.366680112,11.07781899,0.027557016,4.33047e-05
6037576402,33.7789756,-118.1741618,4705.0,1412.0,-118.1741618,33.7789756,Los Angeles,37.55,47.5,111.73,95.1,11.66802231,10705.44661,97.75,4.59,Los Angeles,5015,67.3,9.45,12.62,0.04,9.27,33.7789756,-118.1741618,4705.0,14.53772582,85.46225601,Los Angeles,2715,0.916596639,0.224615385,0.414295324,30.0,0.3,4386.878224,62.75359994,26.0563165,56.77706665,23.57476256,31.37679997,13.02815825,5.273302148,12.70013332,0.023223766,3.15807e-05
6037576403,33.7789729,-118.1698152,4830.0,1463.0,-118.1698152,33.7789729,Los Angeles,37.07,35.4,82.09,86.54,11.65311866,10458.20671,97.57,4.53,Los Angeles,5140,59.67,11.4,17.18,0.0,11.22,33.7789729,-118.1698152,4830.0,14.53416149,85.46582081,Los Angeles,2716,0.887422214,0.227692308,0.403076267,30.0,0.3,4239.573292,56.78539781,21.29805932,53.28012637,19.98336429,29.44428035,11.04343817,4.469963068,11.917923,0.023241815,3.15897e-05
6037575202,33.7858671,-118.1704604,4278.0,1211.0,-118.1704604,33.7858671,Los Angeles,41.13,55.1,110.89,95.03,11.65311866,11507.37354,98.06,5.02,Los Angeles,4175,66.42,1.77,7.95,0.0,23.04,33.7858671,-118.1704604,4278.0,14.39925199,85.600728,Los Angeles,2186,0.958712023,0.221538462,0.374704085,30.0,0.3,4473.416749,58.00155802,25.11959638,58.76473643,25.45011736,32.05349259,13.88188221,5.618857085,12.97403272,0.027525953,3.93363e-05
6037575002,33.7857831,-118.1434681,4760.0,2084.0,-118.1434676,33.7857845,Los Angeles,46.32,9.4,80.19,85.29,11.58771109,11413.8833,98.04,5.66,Los Angeles,4843,32.52,38.9,8.84,0.0,15.96,33.7857831,-118.1434681,4760.0,44.26470588,55.73528241,Los Angeles,1044,0.570380254,0.237948718,0.338912498,30.0,0.3,4900.233849,28.30725145,8.700737298,31.99950166,9.83561611,17.23050088,5.296100964,2.143659914,6.974250357,0.046559051,9.39386e-05
6037573002,33.793484,-118.1915444,3484.0,1144.0,-118.1915444,33.793484,Los Angeles,54.34,51.1,71.3,79.16,11.66444496,14167.36979,98.82,6.63,Los Angeles,4086,73.74,5.7,14.44,0.0,5.24,33.793484,-118.1915444,3484.0,11.36624569,88.63372887,Los Angeles,1821,0.903579677,,0.369732296,30.0,0.3,5991.221167,53.79312998,20.8509411,55.9448552,21.68497874,30.12415279,11.67652702,4.726213316,12.19310946,0.02321028,3.15913e-05
6037575001,33.7947828,-118.1474233,4144.0,1839.0,-118.1471333,33.794704,Los Angeles,46.88,7.7,27.2,20.34,11.6560084,15839.76986,99.11,5.72,Los Angeles,3688,20.69,37.88,14.97,0.0,22.97,33.7947828,-118.1474233,4144.0,39.69594595,60.3040395,Los Angeles,1114,0.727124563,0.163076923,0.326551158,30.0,0.3,6637.284992,33.04761352,8.550428043,39.45983702,10.20946628,20.71641445,5.359969818,2.169511593,8.385215371,0.055796653,9.49271e-05
6037577504,33.7396064,-118.1387839,1393.0,820.0,-118.1289701,33.7508616,Los Angeles,35.11,2.8,19.39,8.52,11.49358879,6805.956543,95.07,4.29,Los Angeles,1378,6.53,80.91,1.02,0.0,6.89,33.7396064,-118.1387839,1393.0,77.74587222,22.25411181,Los Angeles,249,0.230307577,0.164102564,0.317932751,20.0,0.3,3291.837676,13.55588897,5.522133045,14.8072018,6.031868411,0.625656414,0.254867679,1.444250181,3.545386346,0.111582453,0.00039417
6037577200,33.7525713,-118.1586796,5750.0,3443.0,-118.15344,33.7601259,Los Angeles,40.22,7.8,18.92,7.78,11.53298805,7995.913249,96.19,4.91,Los Angeles,5848,22.66,63.01,6.94,0.0,5.57,33.7525713,-118.1586796,5750.0,63.63478261,36.36521107,Los Angeles,1002,0.409314141,0.194871795,0.376420551,20.0,0.3,3612.318966,22.00203215,8.052517756,21.13353091,7.734655245,0.868501269,0.317862543,1.801221077,4.921507191,0.119067368,0.000342358
6037576700,33.7526438,-118.159894,4153.0,2256.0,-118.1618264,33.7618269,Los Angeles,34.97,9.5,17.3,5.73,11.58107322,8430.249675,96.44,4.27,Los Angeles,3935,15.4,62.41,8.87,0.0,9.89,33.7526438,-118.159894,4153.0,59.98073682,40.01925355,Los Angeles,685,0.440533981,0.147692308,0.413585763,20.0,0.3,3751.072567,25.70573216,7.467845784,22.33950531,6.489913565,0.918061863,0.266708778,1.511349742,5.202350557,0.095172046,0.000244059
6037576602,33.7640391,-118.1730543,4403.0,2979.0,-118.1714209,33.7631621,Los Angeles,40.56,4.8,46.01,50.47,11.64728179,8211.676758,96.34,4.95,Los Angeles,4423,25.28,56.21,6.94,0.0,6.4,33.7640391,-118.1730543,4403.0,54.3265955,45.67339412,Los Angeles,1456,0.469442166,0.213333333,0.45971623,20.0,0.3,3963.529947,35.20744464,12.63284231,28.2433347,10.13403837,1.160684988,0.416467329,2.359981531,6.577214932,0.128621349,0.000485904
6037577604,33.7557499,-118.1100855,1300.0,868.0,-118.1100855,33.7557499,Los Angeles,58.14,1.6,18.08,6.67,11.49358879,7344.446777,95.59,7.1,Los Angeles,1367,18.0,69.79,1.9,0.0,7.97,33.7557499,-118.1100855,1300.0,75.61538462,24.38459663,Los Angeles,285,0.256044637,,0.485428111,30.0,0.4,3579.064388,20.33849969,5.083279642,15.57842529,3.893575915,9.087414756,2.271252606,3.082414251,12.33292003,0.088735362,0.000148696
6037980033,33.7443155,-118.2203101,89.0,14.0,-118.2203101,33.7443155,Los Angeles,69.91,,39.36,40.49,11.79278699,8459.420086,96.46,8.54,Los Angeles,16,0.0,0.0,0.0,100.0,0.0,33.7443155,-118.2203101,89.0,49.43820225,50.56122965,Los Angeles,13,1.0,,1.068984631,30.0,0.4,4331.473318,99.0,24.75,69.0,17.25,42.0,10.5,14.25,57.0,0.233602786,0.002786519
6037575902,33.7723157,-118.1952012,5622.0,3346.0,-118.1952012,33.7723157,Los Angeles,53.42,14.1,82.02,86.52,11.73964651,11467.8099,98.05,6.52,Los Angeles,5208,35.0,37.98,15.4,0.0,6.85,33.7723157,-118.1952012,5622.0,34.96976165,65.03022678,Los Angeles,1577,0.614577024,0.244102564,0.578186402,30.0,0.4,5175.664893,45.57373475,15.51820084,34.29775917,11.678646,19.73295731,6.719220984,9.118942764,26.78044207,0.023380263,3.41155e-05
6037575901,33.7726767,-118.2024636,3278.0,1620.0,-118.2023757,33.7726916,Los Angeles,53.89,21.4,81.93,86.49,11.70661336,12103.81348,98.22,6.58,Los Angeles,3553,50.58,18.41,19.87,0.39,7.51,33.7726767,-118.2024636,3278.0,21.38499085,78.61498517,Los Angeles,1958,0.844897959,0.204102564,0.673238016,30.0,0.4,5472.422629,68.19551016,22.68013988,50.28557823,16.72373954,28.93142855,9.621877524,13.05826235,39.26408161,0.029049352,4.72644e-05
6037575401,33.7863532,-118.200174,4530.0,1340.0,-118.200174,33.7863532,Los Angeles,61.29,44.1,127.96,96.93,11.69108081,14857.66634,98.97,7.48,Los Angeles,4788,80.51,6.64,9.42,0.31,2.44,33.7863532,-118.200174,4530.0,11.45695364,88.54302681,Los Angeles,2767,0.927238014,,0.406338096,30.0,0.3,6206.523725,62.23169986,26.86586369,57.67816088,24.90006881,31.8747731,13.76056433,5.569752228,12.90169387,0.038492384,8.66293e-05
6037572700,33.801549,-118.212716,5405.0,1339.0,-118.212716,33.801549,Los Angeles,59.03,23.9,76.7,83.19,11.6858254,26268.0332,99.71,7.21,Los Angeles,5268,38.21,2.47,6.72,0.34,49.52,33.801549,-118.212716,5405.0,6.734505088,93.26547766,Los Angeles,915,0.982279425,0.154871795,0.35165319,30.0,0.4,13843.60309,41.5156181,10.63467101,44.3986471,11.37318982,24.21744389,6.203558088,8.419114548,32.866531,0.043278341,0.000104604
6037553902,33.8851402,-118.1530886,5977.0,1634.0,-118.153083,33.8851416,Los Angeles,55.75,30.6,53.18,60.41,12.01505311,7258.029946,95.51,6.81,Los Angeles,5415,73.07,11.63,7.15,0.0,6.52,33.8851402,-118.1530886,5977.0,17.16580224,82.8341839,Los Angeles,2084,0.947468793,0.194871795,0.444666238,30.0,0.4,3574.63681,58.24037794,16.2702971,61.51230929,17.18435875,27.4842233,7.678117734,10.42030264,37.30001733,0.044875805,0.000102894
6037553802,33.8861963,-118.1719652,6601.0,2087.0,-118.1719652,33.8861963,Los Angeles,68.53,30.4,52.77,59.98,12.14364358,9078.060057,96.87,8.37,Los Angeles,6881,76.62,7.47,11.32,0.15,2.47,33.8861963,-118.1719652,6601.0,17.17921527,82.82077218,Los Angeles,3905,0.92886909,0.224615385,0.473658076,30.0,0.4,4451.265009,69.30811813,24.61301618,70.05336674,24.87767228,31.30044044,11.1155557,15.08539702,42.47916917,0.076330982,0.000172129
6037542200,33.8868935,-118.1971508,6898.0,1528.0,-118.1971508,33.8868935,Los Angeles,68.8,37.4,92.82,90.43,12.21728053,10830.04993,97.85,8.4,Los Angeles,7155,71.45,1.05,26.25,0.0,0.0,33.8868935,-118.1971508,6898.0,11.19164975,88.80833737,Los Angeles,2552,0.989325925,,0.443279406,30.0,0.4,5184.134811,60.67661659,20.51210198,63.40365551,21.43399425,28.63390895,9.679868352,13.13696419,38.86030501,0.053000846,0.000135048
6037571300,33.8356188,-118.1500635,4638.0,1518.0,-118.1500635,33.8356188,Los Angeles,50.76,3.8,103.58,93.44,11.66104793,6506.659994,94.71,6.2,Los Angeles,4484,31.47,38.67,10.5,0.0,16.8,33.8356188,-118.1500635,4638.0,43.48857266,56.51141515,Los Angeles,782,0.579822364,0.186666667,0.328012025,30.0,0.4,2479.150699,25.39691742,6.660038118,33.35714525,8.747512796,15.9204557,4.174949268,5.666002578,21.60633273,0.057054264,0.000204236
6037571101,33.8432785,-118.1162992,4654.0,1623.0,-118.1162992,33.8432785,Los Angeles,44.19,7.1,34.4,32.33,11.6438093,4697.966716,91.8,5.4,Los Angeles,4402,32.62,53.13,1.93,0.0,9.43,33.8432785,-118.1162992,4654.0,51.67597765,48.32401196,Los Angeles,473,0.463458111,0.186666667,0.387013701,30.0,0.4,1789.661931,21.72846109,5.568227574,24.79273123,6.353490447,11.69994059,2.998276386,4.069089381,15.8784908,0.049392775,0.000128942
6037571703,33.8493201,-118.191734,3505.0,1045.0,-118.191734,33.8493201,Los Angeles,46.05,37.3,94.42,91.14,12.31736907,10494.33993,97.6,5.62,Los Angeles,3557,66.74,6.27,14.39,0.0,9.95,33.8493201,-118.191734,3505.0,13.18116976,86.81880547,Los Angeles,1221,0.929752066,0.188717949,0.40211984,30.0,0.4,4422.243561,52.71755384,18.15778823,57.92422585,19.95114999,27.33502792,9.41514945,12.77770283,37.09753789,0.027952954,3.87205e-05
6037571600,33.8498715,-118.1813827,2180.0,856.0,-118.1813827,33.8498715,Los Angeles,42.74,24.0,79.48,84.72,12.14582489,9670.093428,97.19,5.22,Los Angeles,2309,33.43,5.76,52.01,0.0,2.6,33.8498715,-118.1813827,2180.0,8.165137615,91.83482026,Los Angeles,1746,0.95476294,0.227692308,0.386937288,30.0,0.4,4177.678119,66.85471946,22.3102574,76.28294911,25.45657574,35.9986951,12.01321552,16.30364964,48.85537192,0.029849834,2.81479e-05
6037570304,33.8563177,-118.1926968,5007.0,1490.0,-118.1926968,33.8563177,Los Angeles,55.27,25.6,94.42,91.14,12.95638339,9431.766927,97.05,6.75,Los Angeles,5094,66.25,6.09,17.26,0.63,9.31,33.8563177,-118.1926968,5007.0,11.5837827,88.41619964,Los Angeles,2369,0.950885668,0.204102564,0.393456118,30.0,0.4,3755.814137,56.48323972,17.19657914,64.34799461,19.59103956,30.02906416,9.142485114,12.40765837,40.75372993,0.043096516,5.56804e-05
6037570003,33.8646109,-118.1402263,4617.0,1320.0,-118.1402363,33.8646013,Los Angeles,47.4,6.4,127.45,96.91,11.84858192,5587.649943,93.44,5.79,Los Angeles,4119,40.71,34.79,6.94,0.0,16.05,33.8646109,-118.1402263,4617.0,35.45592376,64.54406226,Los Angeles,421,0.601544752,0.185641026,0.409296117,30.0,0.4,2294.929487,28.95576819,6.689556976,32.09555027,7.414930661,14.65231643,3.385077024,4.594033104,19.88528659,0.043356974,0.000111517
6037570202,33.8794267,-118.1785038,6122.0,1758.0,-118.1785185,33.8794113,Los Angeles,73.36,29.0,63.41,72.79,12.19282827,8473.469807,96.49,8.96,Los Angeles,6124,65.43,6.91,14.66,0.54,11.69,33.8794267,-118.1785038,6122.0,14.61940542,85.38058063,Los Angeles,2536,0.963064713,0.162051282,0.463769268,30.0,0.4,4114.019869,62.43497338,17.83659752,63.1136144,18.03047362,28.50292263,8.14279452,11.05093542,38.68253786,0.058555503,0.000163106
6037572500,33.8165383,-118.2182796,4244.0,1422.0,-118.2182796,33.8165383,Los Angeles,54.85,26.5,79.55,84.83,11.78613452,14517.9764,98.92,6.7,Los Angeles,3643,40.96,9.39,20.56,0.0,21.27,33.8165383,-118.2182796,4244.0,16.44674835,83.55323196,Los Angeles,1532,0.861994023,0.183589744,0.38659563,30.0,0.4,6621.306602,49.84922576,16.38264498,51.12741103,16.8027128,26.8418908,8.82142422,11.97193287,36.42828037,0.031045343,5.77167e-05
6037542402,33.881457,-118.2121727,3127.0,900.0,-118.2124134,33.881969,Los Angeles,76.44,33.1,86.77,88.6,12.25258001,12491.99626,98.36,9.33,Los Angeles,3306,65.34,0.54,33.55,0.0,0.57,33.881457,-118.2121727,3127.0,7.707067477,92.29290301,Los Angeles,1473,0.996380558,0.181538462,0.414885931,30.0,0.4,5673.349608,57.84229576,17.78638058,63.35108583,19.48032161,28.92114788,8.893190292,12.06932968,39.25012926,0.068196171,0.00016218
6037572202,33.8089196,-118.1953401,3848.0,1069.0,-118.1953401,33.8089196,Los Angeles,57.89,12.8,99.74,92.51,11.60296908,17009.17318,99.25,7.07,Los Angeles,3614,36.8,17.29,12.12,0.0,33.2,33.8089196,-118.1953401,3848.0,21.77754678,78.22243289,Los Angeles,533,0.805333333,0.227692308,0.344907011,30.0,0.3,6429.598792,33.97295699,8.33846104,38.82623656,9.529669797,20.38377419,5.003076624,2.025054824,8.250575269,0.056259264,0.000151173
6037980006,33.8144246,-118.0865098,2.0,0.0,-118.0863795,33.814394,Los Angeles,58.63,,,,11.59486818,5504.823324,93.31,7.16,Los Angeles,0,,,,,,33.8144246,-118.0865098,2.0,0,99.95002499,Los Angeles,0,0.0,,,,,2905.103844,0.0,0.0,0.0,0.0,0.0,0.0,0.0,0.0,0.108389056,0.000328038
6037573401,33.812873,-118.1795106,1575.0,572.0,-118.1796451,33.8128912,Los Angeles,65.87,16.4,34.55,32.64,11.57476591,79796.46997,99.96,8.04,Los Angeles,1642,37.21,25.64,16.99,0.0,18.15,33.812873,-118.1795106,1575.0,31.93650794,68.06344885,Los Angeles,428,0.802690583,0.187692308,0.320699618,30.0,0.3,20668.2165,35.53683533,10.26484661,44.15182575,12.75329429,22.61434976,6.532175118,2.643975643,9.153427283,0.055360781,0.000101301
6037574000,33.8144739,-118.1017387,5322.0,1988.0,-118.1017387,33.8144739,Los Angeles,48.73,5.6,22.1,11.86,11.58982961,5777.783284,93.76,5.95,Los Angeles,5165,18.66,60.5,4.88,0.0,10.24,33.8144739,-118.1017387,5322.0,63.35963923,36.64035388,Los Angeles,370,0.419722115,0.14974359,0.435724268,30.0,0.4,2739.759177,21.60941719,5.116633808,20.87273254,4.942203152,10.31358548,2.442029772,3.314183262,13.99700886,0.060062676,0.000177214
6037572001,33.8229191,-118.1746788,5434.0,2291.0,-118.1762684,33.8227205,Los Angeles,55.95,6.3,46.68,51.51,11.42948394,80652.88997,99.97,6.83,Los Angeles,5957,26.93,48.41,5.79,0.0,12.1,33.8229191,-118.1746788,5434.0,50.49687155,49.50311934,Los Angeles,1280,0.491303654,0.186666667,0.303222914,30.0,0.3,20169.5639,21.61599422,6.072029458,29.28618572,8.226620568,14.64309286,4.113310278,1.664911303,5.926966156,0.060401747,0.000165146
6037573601,33.8270219,-118.1316188,6441.0,2342.0,-118.1316155,33.8262896,Los Angeles,39.53,8.3,29.77,24.59,11.67288803,6554.123291,94.8,4.83,Los Angeles,6402,25.29,53.39,6.9,0.0,9.98,33.8270219,-118.1316188,6441.0,61.23272784,38.76726614,Los Angeles,454,0.409155485,0.167179487,0.422619101,30.0,0.4,2708.182022,20.68163269,6.30453272,20.68163272,6.304532719,10.10033224,3.07895784,4.17858564,13.70759376,0.101127883,0.000362943
6037571400,33.836022,-118.158392,4950.0,1723.0,-118.1600342,33.8351031,Los Angeles,50.32,8.2,142.13,98.53,11.72749499,8892.306642,96.74,6.14,Los Angeles,4844,31.56,36.46,9.6,0.0,19.1,33.836022,-118.158392,4950.0,36.58585859,63.4141286,Los Angeles,1074,0.715750615,0.2,0.366156269,30.0,0.4,3150.501364,34.63248566,8.668405214,40.71657096,10.19123315,19.65627565,4.919905662,6.677014827,26.67637409,0.072683198,0.000186926
6037571000,33.8388317,-118.1016258,5792.0,1933.0,-118.101621,33.8388435,Los Angeles,52.04,6.7,32.57,29.62,11.71684505,4380.869914,90.8,6.35,Los Angeles,5628,25.75,58.21,1.76,0.0,8.81,33.8388317,-118.1016258,5792.0,58.20096685,41.79902593,Los Angeles,661,0.482728234,0.177435897,0.388883983,30.0,0.4,1722.85287,23.39471589,6.72281883,26.69397065,7.670908702,12.59715471,3.61997937,4.912829145,17.09613853,0.053078457,0.000170862
6037576601,33.7665662,-118.1799258,4770.0,2867.0,-118.1799258,33.7665662,Los Angeles,46.37,5.3,59.25,68.31,11.64728179,9503.750002,97.11,5.66,Los Angeles,4293,30.65,53.83,10.37,0.0,3.38,33.7665662,-118.1799258,4770.0,49.11949686,50.88049248,Los Angeles,1112,0.519003595,0.188717949,0.497901497,30.0,0.3,4188.743318,37.9050614,12.48665046,29.43690941,9.697079619,16.93630403,5.579141694,2.258224019,6.855170678,0.034850801,4.78401e-05
6037576801,33.7715794,-118.1642807,4286.0,2021.0,-118.1642818,33.7715757,Los Angeles,35.37,16.9,33.69,31.41,11.60712094,9488.466634,97.1,4.32,Los Angeles,4070,39.24,37.13,12.48,0.0,11.13,33.7715794,-118.1642807,4286.0,45.75361643,54.24637092,Los Angeles,1170,0.625132275,0.191794872,0.413555255,20.0,0.3,3958.228664,39.25555553,11.44798561,34.58227513,10.08513015,1.401984126,0.408856629,2.316854231,7.944576714,0.029658715,5.00454e-05
6037576302,33.7789718,-118.1828489,3901.0,1244.0,-118.1828489,33.7789718,Los Angeles,46.28,36.3,116.42,95.61,11.70472748,11327.89339,98.0,5.65,Los Angeles,4077,54.82,11.21,11.45,0.0,20.6,33.7789718,-118.1828489,3901.0,16.73929762,83.26068104,Los Angeles,1959,0.834237492,0.277948718,0.436579908,30.0,0.3,4702.182138,63.70175187,28.17797435,54.29126582,24.01531906,30.40310885,13.44857867,5.443472318,12.30602025,0.023194525,3.15083e-05
6037575102,33.7844124,-118.1621912,4064.0,1303.0,-118.1621912,33.7844124,Los Angeles,43.38,41.7,93.2,90.54,11.65311866,10408.3501,97.54,5.3,Los Angeles,4151,61.12,8.74,9.06,0.0,17.9,33.7844124,-118.1621912,4064.0,11.76181102,88.23816726,Los Angeles,2414,0.945110701,0.216410256,0.368403784,30.0,0.3,4142.876987,56.44025947,21.17007173,57.94533309,21.73460701,31.60654531,11.85524017,4.798549591,12.79312548,0.02903417,3.95168e-05
6037575201,33.7864873,-118.1767949,4664.0,1374.0,-118.1767949,33.7864873,Los Angeles,41.36,41.7,128.01,96.97,11.75572268,11983.3501,98.21,5.05,Los Angeles,4772,55.09,3.08,12.09,0.0,28.04,33.7864873,-118.1767949,4664.0,9.734133791,90.26584686,Los Angeles,2493,0.978941035,0.256410256,0.382248429,30.0,0.3,4733.270968,56.99731676,22.25012174,56.99731675,22.25012176,31.08944551,12.13643004,4.91236454,12.58382318,0.031876557,5.51551e-05
6037575101,33.7881242,-118.1623977,4568.0,1588.0,-118.1623973,33.7881302,Los Angeles,44.2,35.3,93.13,90.49,11.65311866,12312.05664,98.3,5.4,Los Angeles,4339,56.07,13.55,14.89,1.06,14.01,33.7881242,-118.1623977,4568.0,16.24343257,83.75654909,Los Angeles,2427,0.8847981,0.215384615,0.357738815,30.0,0.3,4612.505389,53.33681709,18.15118545,56.99002375,19.39441732,30.68693586,10.44314779,4.226988392,12.42090261,0.031514817,4.09314e-05
6037574901,33.7921434,-118.1251759,3829.0,1400.0,-118.1251759,33.7921434,Los Angeles,42.41,3.8,23.8,14.47,11.57897764,10822.95695,97.84,5.18,Los Angeles,3697,20.72,62.56,0.95,0.32,10.49,33.7921434,-118.1251759,3829.0,62.15722121,37.84276891,Los Angeles,390,0.365549493,0.171282051,0.461797762,30.0,0.4,5569.485597,21.47622755,6.49946052,18.67498051,5.651704772,9.804364752,2.96714502,4.02683967,13.30592359,0.05233213,0.000130585
6037573202,33.7934864,-118.1850191,6250.0,1730.0,-118.1850191,33.7934864,Los Angeles,55.65,40.5,90.98,89.99,11.70913172,13294.56706,98.59,6.8,Los Angeles,6379,59.84,4.51,15.47,2.07,17.67,33.7934864,-118.1850191,6250.0,7.952,92.04798527,Los Angeles,2364,0.965744203,0.161025641,0.366882948,30.0,0.3,5320.968144,49.5522513,16.99006868,51.53434137,17.66967143,27.74926073,9.514438458,3.851082233,11.23184363,0.031923179,6.31861e-05
6037573003,33.7943972,-118.2020691,1790.0,642.0,-118.2020691,33.7943972,Los Angeles,56.13,29.3,88.32,89.18,11.64459056,17321.66634,99.3,6.85,Los Angeles,1843,45.47,24.96,5.43,0.6,20.78,33.7943972,-118.2020691,1790.0,28.60335196,71.39660816,Los Angeles,555,0.766685052,0.22974359,0.373533545,30.0,0.3,7597.209804,40.94915804,14.05136648,41.48796275,14.23625287,22.62979786,7.765228842,3.143068817,9.159680087,0.026946308,4.36249e-05
6037571502,33.8421855,-118.1835447,5067.0,1887.0,-118.1835447,33.8421855,Los Angeles,42.22,17.0,48.45,54.22,11.83702161,12324.83317,98.32,5.15,Los Angeles,4739,35.39,23.59,19.14,0.0,19.28,33.8421855,-118.1835447,5067.0,25.12334715,74.87663807,Los Angeles,1089,0.790734508,0.205128205,0.407512436,30.0,0.4,5504.750386,41.29489119,11.46620752,44.31646862,12.30519831,21.15104183,5.872935558,7.970412543,28.70498534,0.048896112,0.000134123
6037571704,33.8499458,-118.1870723,3947.0,1220.0,-118.1870723,33.8499458,Los Angeles,44.69,23.0,94.42,91.14,12.14582489,10218.81331,97.46,5.46,Los Angeles,4076,64.25,9.13,16.78,0.81,8.12,33.8499458,-118.1870723,3947.0,13.55459843,86.44537967,Los Angeles,1577,0.912731006,0.215384615,0.39127223,30.0,0.4,4474.501452,52.04145279,15.75449568,58.62897844,17.74873561,27.66760781,8.375807832,11.36716777,37.54889632,0.033073839,4.69142e-05
6037570800,33.8533032,-118.1353409,5661.0,1732.0,-118.1353409,33.8533032,Los Angeles,45.16,7.6,115.64,95.58,11.71457463,5245.553426,92.95,5.51,Los Angeles,5300,29.74,47.06,6.26,0.38,14.49,33.8533032,-118.1353409,5661.0,44.07348525,55.92650487,Los Angeles,635,0.503172365,0.195897436,0.416616214,30.0,0.4,1991.525248,25.84525348,7.553803488,27.69134301,8.093360895,12.92262674,3.776901744,5.125795224,17.53785057,0.061915198,0.00023325
6037570902,33.8532314,-118.1210795,3653.0,1181.0,-118.1210795,33.8532314,Los Angeles,40.16,5.9,34.4,32.33,11.67212819,4783.053223,91.99,4.9,Los Angeles,3583,27.63,42.92,6.87,0.0,12.92,33.8532314,-118.1210795,3653.0,47.90583082,52.09415492,Los Angeles,598,0.518306636,0.205128205,0.417594703,30.0,0.4,1839.143989,29.29776889,7.56148746,31.36584668,8.09523955,14.47654463,3.736264392,5.070644532,19.64673914,0.041639299,0.000102856
6037570701,33.8538919,-118.1483367,6993.0,2555.0,-118.1483367,33.8538919,Los Angeles,59.58,9.3,123.15,96.24,11.81301379,6028.649903,94.06,7.27,Los Angeles,7372,32.61,17.43,20.02,0.0,27.27,33.8538919,-118.1483367,6993.0,27.999428,72.0005617,Los Angeles,862,0.782227307,0.2,0.390796969,30.0,0.4,2376.761704,35.22660821,7.291221576,40.13157895,8.306454952,18.72807019,3.876345648,5.260754808,25.41666668,0.064182965,0.000173298
6037570603,33.8571713,-118.1623205,5391.0,1743.0,-118.1623214,33.8571712,Los Angeles,55.21,7.8,84.91,87.67,11.93730018,6705.973226,94.95,6.74,Los Angeles,5172,34.24,9.65,44.74,0.0,9.5,33.8571713,-118.1623205,5391.0,9.571508069,90.42847516,Los Angeles,2702,0.899805068,0.218461538,0.380348413,30.0,0.4,2742.282791,55.10011561,14.87820411,65.11831841,17.58333211,30.05460851,8.11538406,11.01373551,40.78839727,0.037527111,7.15693e-05
6037570100,33.8644628,-118.1532212,2950.0,754.0,-118.1532085,33.8644752,Los Angeles,60.24,21.2,90.76,89.86,11.95400971,6607.433268,94.84,7.36,Los Angeles,3192,45.49,15.38,20.55,0.0,17.54,33.8644628,-118.1532212,2950.0,22.27118644,77.72878721,Los Angeles,1000,0.835770871,0.205128205,0.383804089,30.0,0.4,2967.813015,44.76355073,12.67902815,52.79803419,14.95475116,24.10345039,6.827169006,9.265443651,32.71182553,0.044678682,0.000112472
6037570502,33.8674703,-118.166802,6558.0,1905.0,-118.1668021,33.8674703,Los Angeles,69.83,28.9,94.42,91.14,12.07851936,7239.183065,95.47,8.53,Los Angeles,6588,58.36,10.23,5.37,0.18,21.28,33.8674703,-118.166802,6558.0,15.29429704,84.70569004,Los Angeles,2461,0.922511583,0.198974359,0.386234997,30.0,0.4,3172.441718,51.36660017,15.5325261,60.58624632,18.32041544,27.65893855,8.3636679,11.35069215,37.53713089,0.059954336,0.000194659
6037570204,33.8716329,-118.1556129,4133.0,1332.0,-118.1556129,33.8716329,Los Angeles,61.98,25.1,78.42,84.41,11.99002053,6674.423421,94.92,7.57,Los Angeles,4201,53.65,13.88,17.52,0.43,12.45,33.8716329,-118.1556129,4133.0,16.52552625,83.47445355,Los Angeles,1410,0.842829077,0.212307692,0.390125723,30.0,0.4,3000.348813,45.88957704,16.49563142,53.44102646,19.21010239,24.39699032,8.769829362,11.90191128,33.11020115,0.029973642,5.34062e-05
6037554302,33.8729673,-118.1469095,4072.0,1135.0,-118.146903,33.8729892,Los Angeles,55.91,30.2,56.53,64.73,11.87162997,6138.899984,94.2,6.83,Los Angeles,4393,57.75,4.94,15.16,0.14,19.58,33.8729673,-118.1469095,4072.0,15.64341847,84.35656082,Los Angeles,1575,0.958628081,0.2,0.407603421,30.0,0.4,2643.746179,53.60924537,15.54154446,60.80072949,17.62638575,27.45839397,7.96030326,10.80326871,37.26496325,0.033489674,7.00683e-05
6037570203,33.8783269,-118.1600077,4051.0,1258.0,-118.1600078,33.8783269,Los Angeles,67.43,33.2,68.25,77.28,12.07684795,7182.133547,95.42,8.23,Los Angeles,4165,67.47,3.19,23.91,0.0,4.56,33.8783269,-118.1600077,4051.0,11.94766724,88.05231102,Los Angeles,2280,0.972698556,0.227692308,0.43954943,30.0,0.4,3311.194216,65.53157125,22.58057833,69.254956,23.86356577,31.27643173,10.7770942,14.62605642,42.44658592,0.049459541,0.000126844
6037572301,33.8223423,-118.2212245,3840.0,972.0,-118.2215755,33.8219958,Los Angeles,70.31,34.6,79.55,84.83,11.72604257,13332.23275,98.6,8.59,Los Angeles,3841,64.33,7.6,7.73,0.0,17.39,33.8223423,-118.2212245,3840.0,10.26041667,89.73955996,Los Angeles,1794,0.939290407,0.194871795,0.31520222,30.0,0.4,5652.311521,45.21252006,16.99140947,57.22209571,21.50475259,29.67071629,11.15061247,15.13297406,40.26740068,0.05710783,7.97809e-05
6037544002,33.8304309,-118.2160455,3172.0,796.0,-118.2179347,33.8289273,Los Angeles,65.15,29.6,79.55,84.83,11.81058961,12646.2666,98.42,7.96,Los Angeles,3187,60.59,11.64,7.06,0.35,14.94,33.8304309,-118.2160455,3172.0,18.06431274,81.93566143,Los Angeles,1602,0.93274244,0.186666667,0.455718496,30.0,0.4,5137.308942,61.44160586,18.32832647,56.04014599,16.71704502,28.35766424,8.459227602,11.48038032,38.48540147,0.063999102,0.000155663
6037570403,33.8778677,-118.2044846,4556.0,1145.0,-118.2044859,33.8778668,Los Angeles,67.45,45.2,84.23,87.39,12.4277485,11027.86328,97.91,8.24,Los Angeles,4832,84.25,3.48,4.74,0.0,6.71,33.8778677,-118.2044846,4556.0,10.42581212,89.57416822,Los Angeles,1853,0.981535471,,0.414502553,30.0,0.4,4785.818266,60.13265303,21.32434693,65.8595724,23.35523708,30.06632651,10.66217347,14.47009256,40.80430027,0.031818518,5.57929e-05
6037574300,33.7994363,-118.118082,6044.0,2238.0,-118.118082,33.7994363,Los Angeles,56.03,0.8,23.8,14.47,11.60395303,9070.093099,96.85,6.84,Los Angeles,6052,14.38,73.17,0.71,1.01,8.26,33.7994363,-118.118082,6044.0,62.12772998,37.87226375,Los Angeles,442,0.367680362,0.138461538,0.510194025,30.0,0.4,4955.03148,20.86977993,7.23325839,18.01391529,6.243444089,9.226639548,3.197861604,4.339955034,12.52186796,0.075122647,0.000241552
6037573402,33.8016879,-118.1691388,6827.0,2717.0,-118.1691428,33.8016982,Los Angeles,60.04,16.2,44.28,47.96,11.67319958,20539.64339,99.56,7.33,Los Angeles,6384,36.4,26.46,7.3,0.0,26.06,33.8016879,-118.1691388,6827.0,25.26732093,74.73266812,Los Angeles,2906,0.755571327,0.214358974,0.347449778,30.0,0.3,4859.235475,41.56245918,13.06515616,46.83093996,14.72130271,24.58624346,7.728683928,3.128276828,9.951574733,0.105522173,0.000288527
6037574202,33.8019004,-118.1433453,2206.0,757.0,-118.1432883,33.8018724,Los Angeles,67.43,14.3,25.99,18.25,11.64556074,18451.45996,99.45,8.23,Los Angeles,2251,39.36,45.94,5.69,0.0,5.55,33.8019004,-118.1433453,2206.0,51.49592022,48.5040578,Los Angeles,372,0.553872054,0.217435897,0.318398796,30.0,0.3,7934.256107,23.78829986,7.34987773,29.64388137,9.159078365,15.37090145,4.749151764,1.922275714,6.221555348,0.060362838,0.000130417
6037574400,33.8050344,-118.102337,5420.0,1978.0,-118.1015045,33.8042037,Los Angeles,58.27,6.7,23.8,14.47,11.59699651,7136.569987,95.36,7.11,Los Angeles,5474,23.24,60.27,4.48,0.0,7.91,33.8050344,-118.102337,5420.0,62.47232472,37.52766835,Los Angeles,720,0.375474957,0.162051282,0.492361257,30.0,0.4,3904.548474,23.49188254,7.027739108,20.74283247,6.205344118,10.49637305,3.140053644,4.261501374,14.24507771,0.074961843,0.000331085
6037980018,33.8185805,-118.1516654,30.0,0.0,-118.1539086,33.8152519,Los Angeles,57.66,,13.39,2.48,11.66903283,31884.28003,99.81,7.04,Los Angeles,0,,,,,,33.8185805,-118.1516654,30.0,26.66666667,73.33088897,Los Angeles,0,0.0,,,,,10668.8321,0.0,0.0,0.0,0.0,0.0,0.0,0.0,0.0,0.167525705,0.000721676
6037572201,33.81618,-118.1953378,6141.0,2001.0,-118.1953378,33.81618,Los Angeles,62.2,16.6,71.55,79.37,11.46157855,17793.7238,99.39,7.59,Los Angeles,5592,30.95,22.69,17.56,0.0,26.9,33.81618,-118.1953378,6141.0,20.63181892,79.36816815,Los Angeles,2174,0.786061588,0.196923077,0.332713643,30.0,0.3,6007.434396,40.38894061,13.08000645,48.1103557,15.58059594,24.94611038,8.078827512,3.270001612,10.09723515,0.057974337,0.000151891
6037555202,33.8200771,-118.0728449,3551.0,1111.0,-118.0728449,33.8200771,Los Angeles,50.79,5.7,21.45,10.95,11.66766832,4340.049968,90.69,6.2,Los Angeles,3661,16.77,62.09,2.54,0.0,9.48,33.8200771,-118.0728449,3551.0,54.4635314,45.53645578,Los Angeles,549,0.506920867,0.147692308,0.404827939,30.0,0.4,1758.353707,26.33716377,6.740720532,28.28806477,7.240033165,13.65630714,3.495188424,4.743470004,18.53355969,0.054565072,0.000107512
6037573800,33.8242122,-118.0984125,4371.0,1545.0,-118.0984125,33.8242122,Los Angeles,45.78,3.7,28.72,23.04,11.66333946,4848.056559,92.14,5.59,Los Angeles,4309,19.24,61.34,1.32,5.38,7.71,33.8242122,-118.0984125,4371.0,60.9929078,39.00708327,Los Angeles,465,0.467309016,0.198974359,0.405110984,30.0,0.4,2102.651341,23.24638675,6.329662299,24.96834136,6.798526151,12.05368202,3.282047118,4.454206803,16.35856845,0.054050971,0.000149393
6037573700,33.8262637,-118.1094908,4790.0,1724.0,-118.1094908,33.8262637,Los Angeles,39.68,8.0,29.73,24.56,11.58573049,5118.840006,92.65,4.85,Los Angeles,5009,28.65,54.08,2.04,0.54,8.19,33.8262637,-118.1094908,4790.0,59.10229645,40.89769501,Los Angeles,424,0.550318717,0.165128205,0.406688978,30.0,0.4,2236.167235,25.93401954,5.757813352,27.51536217,6.108899553,13.2832783,2.949123912,4.002382452,18.02730627,0.05574754,0.000177146
6037555211,33.8276553,-118.0768146,5773.0,1448.0,-118.0768628,33.8276575,Los Angeles,58.15,42.0,53.8,61.14,11.67866576,4175.133341,90.06,7.1,Los Angeles,5652,90.15,1.7,0.07,0.0,7.89,33.8276553,-118.0768146,5773.0,14.53317166,85.46681353,Los Angeles,2547,0.972440945,0.169230769,0.40594172,30.0,0.4,1661.300065,58.59466185,21.4961237,62.16750708,22.80686298,30.01189997,11.0102097,14.94242745,40.73043568,0.035859418,7.6594e-05
6037571900,33.8319302,-118.1774538,5769.0,2300.0,-118.1773895,33.8319177,Los Angeles,54.47,4.9,53.01,60.24,11.59019633,16381.75627,99.17,6.65,Los Angeles,5413,31.04,39.42,12.19,0.67,10.16,33.8319302,-118.1774538,5769.0,42.88438204,57.11560806,Los Angeles,930,0.541930937,0.182564103,0.336042953,30.0,0.4,6913.652524,24.34936577,6.840787995,30.34848485,8.526199533,14.82135308,4.16395791,5.651085735,20.11469346,0.073161979,0.000188476
6037571102,33.8359668,-118.1163384,4006.0,1216.0,-118.1163514,33.8359759,Los Angeles,39.13,6.5,33.59,31.29,11.62150813,4877.073364,92.26,4.78,Los Angeles,4073,28.73,44.91,5.62,0.39,17.38,33.8359668,-118.1163384,4006.0,54.89266101,45.10732773,Los Angeles,227,0.505248227,0.150769231,0.393774933,30.0,0.4,1907.84408,22.50099291,5.497773214,25.06439716,6.124101801,11.96255319,2.922866772,3.966747762,16.23489362,0.04869856,0.000122488
6037571504,33.8387012,-118.169799,4935.0,2082.0,-118.1697128,33.8387095,Los Angeles,46.94,13.1,51.48,58.46,11.7349837,10532.30664,97.67,5.73,Los Angeles,4512,39.21,29.74,17.35,0.0,9.53,33.8387012,-118.169799,4935.0,27.01114488,72.98884033,Los Angeles,1366,0.593391642,0.206153846,0.38443387,30.0,0.4,4795.821847,33.5493848,11.4355853,37.42046768,12.75507591,18.06505336,6.157622856,8.356773876,24.51685813,0.049612819,0.000147242
6037577400,33.7629063,-118.135114,3173.0,1668.0,-118.1351139,33.7629063,Los Angeles,35.42,8.8,19.39,8.52,11.55531683,8182.239909,96.32,4.32,Los Angeles,2947,19.65,74.35,1.46,0.0,3.33,33.7629063,-118.135114,3173.0,71.82477151,28.17521961,Los Angeles,493,0.241402337,0.142564103,0.340798208,20.0,0.3,3637.681186,14.09006765,5.581483347,14.90688314,5.905047582,0.612611637,0.242673189,1.375148071,3.471465943,0.036422138,6.28059e-05
6037980007,33.7665067,-118.1007304,5.0,0.0,-118.1007408,33.7663042,Los Angeles,64.52,,,,11.50464038,7443.450114,95.66,7.88,Los Angeles,0,,,,,,33.7665067,-118.1007304,5.0,0,99.980004,Los Angeles,0,0.0,,,,,3782.57777,0.0,0.0,0.0,0.0,0.0,0.0,0.0,0.0,0.072314087,0.000263294
6037577602,33.7700579,-118.1126708,3370.0,1594.0,-118.1126708,33.7700579,Los Angeles,58.57,2.6,17.66,5.94,11.48846564,7999.743244,96.21,7.15,Los Angeles,3259,10.06,66.92,4.82,0.37,14.76,33.7700579,-118.1126708,3370.0,70.74183976,29.25815156,Los Angeles,423,0.343431017,0.154871795,0.503377452,30.0,0.4,4068.457418,22.92887719,7.4298531,18.10174514,5.865673471,10.13697728,3.28477716,4.45791186,13.75732631,0.053081611,0.000135212
6037577100,33.7707927,-118.1480649,7051.0,3370.0,-118.1480649,33.7707927,Los Angeles,43.28,6.1,32.48,29.54,11.5700298,9139.366701,96.94,5.29,Los Angeles,7185,26.5,54.04,6.64,0.0,8.28,33.7707927,-118.1480649,7051.0,59.33910084,40.6608934,Los Angeles,1370,0.442471786,0.188717949,0.372950656,20.0,0.3,3894.505144,24.0575622,7.407756328,23.42446848,7.212815401,0.949640613,0.292411434,1.656998126,5.381296807,0.044213229,0.000118292
6037577000,33.776873,-118.1401379,7264.0,3303.0,-118.1401379,33.776873,Los Angeles,54.06,10.1,75.32,82.25,11.56132589,9998.623372,97.37,6.6,Los Angeles,7288,24.22,41.63,11.87,0.44,17.82,33.776873,-118.1401379,7264.0,43.44713656,56.55285565,Los Angeles,2372,0.586137184,0.205128205,0.353187151,20.0,0.3,4340.818377,33.71795993,10.3522068,35.5911799,10.92732942,1.404914997,0.43134195,2.44427105,7.961184983,0.069061352,0.000179946
6037575803,33.7789661,-118.1937148,2684.0,1350.0,-118.1937148,33.7789661,Los Angeles,52.3,30.0,112.45,95.18,11.70661336,12576.83008,98.39,6.39,Los Angeles,3229,61.16,16.79,8.05,0.34,10.5,33.7789661,-118.1937148,2684.0,21.64679583,78.35317498,Los Angeles,1990,0.781102362,0.215384615,0.478556708,30.0,0.3,5536.147478,65.79100507,28.73011019,53.05726215,23.16944372,29.7120668,12.97488847,5.251740572,12.02631275,0.019857195,1.94272e-05
6037576301,33.7789685,-118.1886964,4564.0,1965.0,-118.1886964,33.7789685,Los Angeles,50.23,24.0,120.09,95.89,11.70472748,11929.77344,98.2,6.13,Los Angeles,4165,44.11,13.28,21.66,1.06,15.27,33.7789685,-118.1886964,4564.0,22.26117441,77.73880856,Los Angeles,2543,0.863568216,0.163076923,0.457641051,30.0,0.3,5027.134454,64.13273594,21.63378672,52.85665052,17.83004402,29.59972428,9.98482464,4.04147664,11.98084078,0.029231817,5.33925e-05
6037576401,33.778974,-118.1785058,4060.0,1334.0,-118.1785058,33.778974,Los Angeles,42.26,48.6,84.76,87.61,11.66802231,10961.86995,97.87,5.16,Los Angeles,5021,66.6,6.01,11.35,0.0,9.46,33.778974,-118.1785058,4060.0,14.28571429,85.7142646,Los Angeles,2474,0.933158585,,0.429222218,30.0,0.3,4519.248669,64.10026211,28.00457546,55.25884666,24.14187543,30.94495412,13.51945022,5.472158424,12.52533857,0.023218231,3.1539e-05
6037576903,33.7807787,-118.1567668,3814.0,1414.0,-118.1567668,33.7807787,Los Angeles,47.86,35.8,93.2,90.54,11.61841941,10339.30989,97.51,5.84,Los Angeles,3644,54.42,16.79,12.35,0.0,15.29,33.7807787,-118.1567668,3814.0,21.28998427,78.70999509,Los Angeles,1784,0.822604568,0.216410256,0.371285456,30.0,0.3,4171.767971,51.36932659,18.83561428,51.36932661,18.83561428,28.38831206,10.40915526,4.21322951,11.49050726,0.024688593,3.16062e-05
6037574800,33.7834928,-118.1274859,3165.0,1596.0,-118.1274859,33.7834929,Los Angeles,51.4,,26.39,18.96,11.5027302,10079.28312,97.4,6.28,Los Angeles,2961,13.44,62.31,12.06,0.51,8.48,33.7834928,-118.1274859,3165.0,61.35860979,38.641378,Los Angeles,524,0.399361022,,0.373608532,30.0,0.3,4828.525945,21.53738016,4.926755632,22.10415335,5.056407129,11.9022364,2.722680744,1.102037444,4.817571877,0.04546845,0.000107861
6037574500,33.7873397,-118.1000457,6533.0,2320.0,-118.1000457,33.7873397,Los Angeles,55.86,5.0,20.78,10.08,11.55366286,7925.406819,96.11,6.82,Los Angeles,6631,16.8,64.64,5.2,0.0,9.03,33.7873397,-118.1000457,6533.0,62.7889178,37.2110765,Los Angeles,716,0.382746945,0.174358974,0.503107163,30.0,0.4,4404.097843,23.23022004,6.896693245,19.56229058,5.807741714,10.27020254,3.049064382,4.138015947,13.93813202,0.074379746,0.000265106
6037575103,33.7861755,-118.153488,5088.0,2171.0,-118.1534873,33.7861933,Los Angeles,45.93,23.9,93.2,90.54,11.61841941,11724.31006,98.15,5.61,Los Angeles,5171,46.34,17.93,14.56,1.97,15.69,33.7861755,-118.153488,5088.0,22.79874214,77.20124269,Los Angeles,2237,0.837755297,0.211282051,0.352314188,30.0,0.3,4811.490649,45.61342214,15.48619495,49.41454063,16.77671121,26.60782958,9.033613722,3.656462697,10.76983578,0.027373886,4.6738e-05
6037575300,33.7862258,-118.1850263,4545.0,1317.0,-118.1850264,33.7862258,Los Angeles,52.08,42.7,128.01,96.97,11.70376562,12637.22982,98.41,6.36,Los Angeles,4360,60.34,7.64,10.3,0.48,20.37,33.7862258,-118.1850263,4545.0,11.13311331,88.86686714,Los Angeles,2782,0.928065768,0.143589744,0.391034361,30.0,0.3,5268.973677,62.22012382,25.82044627,60.64493078,25.16676405,33.07905317,13.72732586,5.556298564,13.38914057,0.031909566,6.30856e-05
6037575402,33.7862264,-118.1915438,3454.0,1137.0,-118.1915438,33.7862264,Los Angeles,53.94,52.9,128.01,96.97,11.70376562,13194.64356,98.56,6.59,Los Angeles,4129,82.71,4.84,6.32,0.0,4.63,33.7862264,-118.1915438,3454.0,12.97046902,87.02950578,Los Angeles,2529,0.964414647,,0.398240343,30.0,0.3,5573.112886,64.66219704,28.43214496,61.42908716,27.01053771,33.94765345,14.9268761,6.041830804,13.74071687,0.023233302,3.1521e-05
6037574902,33.7913351,-118.1378252,5192.0,1888.0,-118.1378391,33.7913432,Los Angeles,42.85,7.4,26.3,18.84,11.55937137,12932.90356,98.5,5.23,Los Angeles,5549,17.16,40.21,12.7,0.63,24.67,33.7913351,-118.1378252,5192.0,39.67642527,60.32356311,Los Angeles,2192,0.665544133,0.158974359,0.32675078,30.0,0.3,5639.976163,37.26352299,10.69887349,43.93758682,12.61508963,23.35922337,6.706756518,2.714639543,9.454923745,0.038771704,7.82033e-05
6037577300,33.7398185,-118.1397692,5535.0,3849.0,-118.1387992,33.7556821,Los Angeles,39.01,4.1,19.39,8.52,11.55531683,7468.846517,95.67,4.76,Los Angeles,5431,19.65,68.64,1.9,0.0,5.91,33.7398185,-118.1397692,5535.0,69.77416441,30.22583013,Los Angeles,603,0.360644379,0.161025641,0.345736256,20.0,0.3,3501.80893,16.27836483,5.06899806,16.74346094,5.213826604,0.697644207,0.217242774,1.231042386,3.953317173,0.086027744,0.00031279
6037577501,33.7543199,-118.1217851,3440.0,1906.0,-118.1232111,33.7551714,Los Angeles,42.83,3.6,19.39,8.52,11.49358879,7572.039876,95.86,5.23,Los Angeles,3370,11.42,78.75,1.42,0.0,5.73,33.7543199,-118.1217851,3440.0,79.33139535,20.66859864,Los Angeles,477,0.217624293,0.151794872,0.323495134,30.0,0.3,3530.283505,11.86781779,5.35658475,12.94671033,5.843546964,7.552247682,3.40873575,1.379726375,3.056862157,0.047701914,0.000132539
6037980031,33.7377955,-118.2579674,1748.0,22.0,-118.2627271,33.7338349,Los Angeles,69.51,8.0,101.63,93.1,11.75446846,5778.626709,93.77,8.49,Los Angeles,1175,32.94,33.45,19.74,2.21,5.1,33.7377955,-118.2579674,1748.0,75.4576659,24.54232006,Los Angeles,0,0.637931034,,1.076419254,20.0,0.4,2596.273656,31.57758618,20.05603449,20.4137931,12.96551724,0.956896551,0.607758621,11.5474138,18.18103447,0.249754478,0.00252479
6037575802,33.778962,-118.197207,4544.0,1755.0,-118.197207,33.778962,Los Angeles,54.87,47.5,119.54,95.84,11.70661336,12769.58984,98.49,6.7,Los Angeles,5664,72.44,10.61,8.14,0.26,7.59,33.778962,-118.197207,4544.0,18.28785211,81.7121299,Los Angeles,2925,0.932314833,0.209230769,0.495594073,30.0,0.3,5590.126017,70.62749446,27.78095872,56.35172432,22.16565853,31.55696561,12.41276879,5.024215938,12.77305751,0.023134219,3.12391e-05
6037575801,33.7794168,-118.2013699,1961.0,792.0,-118.2014531,33.7796381,Los Angeles,59.8,41.8,104.11,93.79,11.70661336,13584.90007,98.66,7.3,Los Angeles,2254,74.49,11.98,10.78,0.0,2.66,33.7794168,-118.2013699,1961.0,18.51096379,81.48899465,Los Angeles,1373,0.904845815,,0.521060796,30.0,0.4,5931.815191,71.71035242,33.00658882,55.85859031,25.71039552,31.70352423,14.59238663,19.80395329,43.02621146,0.025626839,4.246e-05
6037573004,33.7934906,-118.1964734,4670.0,1691.0,-118.1964734,33.7934906,Los Angeles,52.78,31.4,85.4,87.85,11.66444496,15567.5,99.06,6.44,Los Angeles,4577,48.26,9.53,28.08,0.0,12.6,33.7934906,-118.1964734,4670.0,15.09635974,84.90362208,Los Angeles,1609,0.923046012,0.223589744,0.371862954,30.0,0.3,6628.224313,47.36065902,14.95797481,47.9838256,15.15479025,26.17299577,8.266249236,3.345862786,10.59383162,0.025565182,4.00035e-05
6037980014,33.7824778,-118.2384201,150.0,15.0,-118.2384201,33.7824778,Los Angeles,71.84,,76.44,83.04,11.73199819,16486.43392,99.19,8.77,Los Angeles,9,55.56,44.44,0.0,0.0,0.0,33.7824778,-118.2384201,150.0,66,33.99977333,Los Angeles,36,0.909090909,,0.451897605,20.0,0.4,8231.511151,77.72727276,18.40909095,62.18181818,14.72727273,2.590909092,0.613636365,11.65909094,49.22727275,0.197744108,0.000725466
